"Path","Size","LastWrite","MD5"
"didi.wav","8270","2025-09-16 17:25:58.000","C1F618B0814F55EFBFA36C6F2A49DF96"
"Quantum_Analyzer.exe","46589440","2025-09-16 18:21:52.000","A6F2E4871A10F6393F203C3FCD9C5AE3"
"uninst.exe","52469","2026-04-07 12:45:31.533","C8B272298A2D4B11F1D2A5DA756AEAF9"
"db\DNData9.mdb","1316864","2026-08-25 03:28:09.352","4B5B12B032344167D9C6E84BD2FC5422"
"Image\32_EN.T","27332","2025-06-28 17:50:56.000","A0FD0C60A005E1C1ACB802A88A8EAF3A"
"Image\32_TC.T","25847","2025-07-20 14:01:30.000","2B9AA2ED054380DA6954BABBA4C9EDD4"
"Image\32_ZN.T","25847","2025-06-28 16:36:18.000","0EBB6E923FAB9826283EFF424A6BF914"
"Image\男性.bmp","442278","2024-04-23 10:53:24.000","2A4AFB5B31E0A7C2C68980426E6AA9E1"
"Image\女性.bmp","442278","2018-10-04 14:07:50.000","766F9804736215B556AE662D15888566"
"Image\topdf.exe","45283328","2020-06-11 08:50:44.000","7E74B224CF7B5DC659AF7D3C17F04C1E"
"Quantum Analyzer(13)\didi.wav","8270","2025-09-16 17:25:58.000","C1F618B0814F55EFBFA36C6F2A49DF96"
"Quantum Analyzer(13)\Quantum_Analyzer.exe","46589440","2025-09-16 18:21:52.000","A6F2E4871A10F6393F203C3FCD9C5AE3"
"Quantum Analyzer(13)\uninst.exe","52469","2026-04-07 12:45:32.000","C8B272298A2D4B11F1D2A5DA756AEAF9"
"Quantum Analyzer(13)\db\DNData9.mdb","1027072","2026-07-13 15:07:14.000","289AF589C534AAF006A0FC8ABDA09342"
"Quantum Analyzer(13)\Image\32_EN.T","27332","2025-06-28 17:50:56.000","A0FD0C60A005E1C1ACB802A88A8EAF3A"
"Quantum Analyzer(13)\Image\32_TC.T","25847","2025-07-20 14:01:30.000","2B9AA2ED054380DA6954BABBA4C9EDD4"
"Quantum Analyzer(13)\Image\32_ZN.T","25847","2025-06-28 16:36:18.000","0EBB6E923FAB9826283EFF424A6BF914"
"Quantum Analyzer(13)\Image\男性.bmp","442278","2024-04-23 10:53:24.000","2A4AFB5B31E0A7C2C68980426E6AA9E1"
"Quantum Analyzer(13)\Image\女性.bmp","442278","2018-10-04 14:07:50.000","766F9804736215B556AE662D15888566"
"Quantum Analyzer(13)\Image\topdf.exe","45283328","2020-06-11 08:50:44.000","7E74B224CF7B5DC659AF7D3C17F04C1E"
"Quantum Analyzer(13)\ReportC\1.png","570","2025-09-16 18:22:42.000","9D5387AA21E6D4837CA439B2B6910697"
"Quantum Analyzer(13)\ReportC\10.png","359","2022-12-14 19:09:38.000","B232D8F80E74D8AE4F5BA30C262EA4CD"
"Quantum Analyzer(13)\ReportC\11.png","484","2022-04-25 14:18:20.000","7A52885831124FDA65CABA39F51C2A9A"
"Quantum Analyzer(13)\ReportC\2.png","494","2022-04-25 14:19:06.000","C32214FA7FD9340CC765F0EBC15ACB56"
"Quantum Analyzer(13)\ReportC\3.png","497","2022-04-25 14:19:16.000","77C835E89F7364D1B334106A70BD5A21"
"Quantum Analyzer(13)\ReportC\4.png","568","2023-12-01 14:45:14.000","5739FC4A09268D2C6FBB16F52CC2194A"
"Quantum Analyzer(13)\ReportC\5.png","497","2022-04-25 14:19:34.000","1C5D9CB968D07E073774E6D78489953F"
"Quantum Analyzer(13)\ReportC\6.png","511","2022-04-25 14:19:44.000","04BC16D3528AE3472F3373732601E491"
"Quantum Analyzer(13)\ReportC\7.png","464","2022-04-25 14:19:54.000","3B7DD7F6AC0FF912886F35221C225B9F"
"Quantum Analyzer(13)\ReportC\8.png","382","2022-12-14 19:09:12.000","C68893BB66D6092BB4DB36FB368B2113"
"Quantum Analyzer(13)\ReportC\9.png","358","2022-12-14 19:09:24.000","44F28F0F1AE60D0CD7AAC085B7FA0F7B"
"Quantum Analyzer(13)\ReportC\氨基酸评估报告.html","16261","2026-07-13 15:07:22.000","F2A9233BB54DA9B9003042A6D601D3BE"
"Quantum Analyzer(13)\ReportC\肠道菌群评估报告.html","15926","2026-07-13 15:07:26.000","926503DCF195BFA0DFD85FC4C39BC387"
"Quantum Analyzer(13)\ReportC\大肠评估评估报告.html","9493","2026-07-13 15:07:24.000","8A893F591DD560FE197B2D49AA01607A"
"Quantum Analyzer(13)\ReportC\胆功能评估报告.html","9456","2026-07-13 15:07:20.000","74D5D528AE11023481B8B52078120E81"
"Quantum Analyzer(13)\ReportC\肥胖症评估报告.html","10873","2026-07-13 15:07:24.000","0620A0011D6E8129813F89D5EBE19957"
"Quantum Analyzer(13)\ReportC\肺功能评估报告.html","8999","2026-07-13 15:07:20.000","3B99F9E9731C60F4BE943E76FDB9D043"
"Quantum Analyzer(13)\ReportC\风湿骨病评估报告.html","10667","2026-07-13 15:07:22.000","30C86664F13584174A724B6288B24CEC"
"Quantum Analyzer(13)\ReportC\辅酶评估报告.html","10575","2026-07-13 15:07:24.000","21070C7E215E4B9F1E2FBC4F849A5E9D"
"Quantum Analyzer(13)\ReportC\妇科评估报告.html","16417","2026-04-09 16:22:38.000","1389FDEB9F25A61E7098BFFC2C79675D"
"Quantum Analyzer(13)\ReportC\肝功能评估报告.html","22177","2026-07-13 15:07:20.000","C320E9F37C2D07FD53603713C5EC097B"
"Quantum Analyzer(13)\ReportC\骨病评估报告.html","8292","2026-07-13 15:07:22.000","28D3F64E07A5333A9411FB720539CAA3"
"Quantum Analyzer(13)\ReportC\骨密度评估报告.html","12997","2026-07-13 15:07:22.000","03B01CFC194B356C9E801B722B19E8C0"
"Quantum Analyzer(13)\ReportC\骨生长指数评估报告.html","10079","2026-07-13 15:07:22.000","836640EDA8F3059AAE50FCCD99E05B8E"
"Quantum Analyzer(13)\ReportC\过敏评估报告.html","17955","2026-07-13 15:07:24.000","332742FF85AF5A62F1845DF405EDEBB0"
"Quantum Analyzer(13)\ReportC\荷尔蒙评估报告.html","8417","2026-07-13 15:07:24.000","DCC96BD85E9609D6A6AAC13B59C326A8"
"Quantum Analyzer(13)\ReportC\呼吸功能评估报告.html","10929","2026-07-13 15:07:24.000","CEBE8BF6F511548FCB76BE5162D529C1"
"Quantum Analyzer(13)\ReportC\基本体质评估报告.html","9787","2026-07-13 15:07:22.000","64751FF5E322CA35D37ACB9C87788944"
"Quantum Analyzer(13)\ReportC\基本脂肪酸评估报告.html","7397","2026-07-13 15:07:24.000","C8B3195E01FCCC2BDD535E234297A2AC"
"Quantum Analyzer(13)\ReportC\甲状腺评估报告.html","8962","2026-07-13 15:07:24.000","02BF8A035387080DFDC6AAFAEB787172"
"Quantum Analyzer(13)\ReportC\胶原蛋白评估报告.html","17358","2026-07-13 15:07:24.000","3B8D730C81FB0493069A5747D06E66C1"
"Quantum Analyzer(13)\ReportC\经络评估报告.html","21957","2026-07-13 15:07:24.000","D24A0E0412BABFDD0C7FA7CD6F5BC943"
"Quantum Analyzer(13)\ReportC\精子和精液评估报告.html","8535","2026-07-13 15:07:24.000","03871400B2EB58B0FFB1EDC823BDEC80"
"Quantum Analyzer(13)\ReportC\脉搏与脑血管评估报告.html","13180","2026-07-13 15:07:24.000","1C7C2827DE8D9C326F9B49FA5E9E77FD"
"Quantum Analyzer(13)\ReportC\免疫系统评估报告.html","14228","2026-07-13 15:07:22.000","897F2602DA014259B158B248D279CD0D"
"Quantum Analyzer(13)\ReportC\男性性功能评估报告.html","9915","2026-07-13 15:07:22.000","4B6D49166E455BE293BBEA6048D37370"
"Quantum Analyzer(13)\ReportC\脑神经评估报告.html","13926","2026-07-13 15:07:22.000","E0815D4E85E9BE9AEB53431B46B4252A"
"Quantum Analyzer(13)\ReportC\内分泌系统评估报告.html","13883","2026-07-13 15:07:22.000","6F537994AC3CE844B5D2BFDB91E41952"
"Quantum Analyzer(13)\ReportC\皮肤评估报告.html","17494","2026-07-13 15:07:22.000","A8648B0098AAC822251764C482A84124"
"Quantum Analyzer(13)\ReportC\前列腺评估报告.html","10597","2026-07-13 15:07:22.000","7820F4490096C5808DE1400BCE349DC6"
"Quantum Analyzer(13)\ReportC\人体成份评估报告.html","25712","2026-07-13 15:07:26.000","248EABC86CC30A3B230B0CE4ADD63BF5"
"Quantum Analyzer(13)\ReportC\人体毒素评估报告.html","12163","2026-07-13 15:07:22.000","81597BDF7280617F8106379A6D2413DF"
"Quantum Analyzer(13)\ReportC\人体意识形态评估报告.html","11461","2026-07-13 15:07:24.000","83582033E0AF6BE617E24E7841D64FC6"
"Quantum Analyzer(13)\ReportC\人体综合免疫力评估报告.html","9839","2026-07-13 15:07:24.000","3606284B67BE9BE85E4CAF121ACEAA88"
"Quantum Analyzer(13)\ReportC\乳腺评估报告.html","10332","2026-04-09 16:22:40.000","D1EE429F5775E5B6ED849A48FDD1C68E"
"Quantum Analyzer(13)\ReportC\肾脏功能评估报告.html","21598","2026-07-13 15:07:20.000","467A99C7FC0536C91EC17F2783A4B2F8"
"Quantum Analyzer(13)\ReportC\手工分析报告.html","18920","2026-07-13 15:07:26.000","818B832A2C8E8178B83A6B9A18B608ED"
"Quantum Analyzer(13)\ReportC\体液评估报告.html","10130","2026-07-13 15:07:24.000","74CE332584ADF8CB178E48C0B8A249FE"
"Quantum Analyzer(13)\ReportC\微量元素评估报告.html","28333","2026-07-13 15:07:22.000","5816EFD5B325030EB85A9F826BDC382A"
"Quantum Analyzer(13)\ReportC\维生素评估报告.html","13663","2026-07-13 15:07:22.000","E3E27026BC0896410D7A215F13EE744A"
"Quantum Analyzer(13)\ReportC\胃肠功能评估报告.html","23011","2026-07-13 15:07:20.000","71242BFD6196A13BFF9FA06DEABE3BCB"
"Quantum Analyzer(13)\ReportC\心脑血管评估报告.html","26482","2026-07-13 15:07:20.000","647797E68E28545C683B0C97B62532D3"
"Quantum Analyzer(13)\ReportC\血糖评估报告.html","10931","2026-07-13 15:07:22.000","2385CF28C349D1261CBC9680AFEA599F"
"Quantum Analyzer(13)\ReportC\血脂评估报告.html","11380","2026-07-13 15:07:24.000","085CEC3AAA036E537FF4250F051726BB"
"Quantum Analyzer(13)\ReportC\眼部评估报告.html","12076","2026-07-13 15:07:22.000","2DFB2C6C50E04A22844AAAD44D21800F"
"Quantum Analyzer(13)\ReportC\胰腺功能评估报告.html","7658","2026-07-13 15:07:20.000","648306885021C0F084A51F03D1FF5DD3"
"Quantum Analyzer(13)\ReportC\月经周期评估报告.html","9683","2026-04-09 16:22:40.000","781074030A1E733974B1A9E5ACBB23AA"
"Quantum Analyzer(13)\ReportC\脂肪酸评估报告.html","12755","2026-07-13 15:07:24.000","0D9B1DAB6CCD86D9B3F6F9415A2ECC3A"
"Quantum Analyzer(13)\ReportC\重金属评估报告.html","11532","2026-07-13 15:07:24.000","2D0C91B888FC8B39E241FB36E4419E37"
"Quantum Analyzer(13)\ReportC\专家分析报告.html","22732","2026-07-13 15:07:26.000","C3AD4DEB9BAC490B318A92951273C176"
"Quantum Analyzer(13)\ReportC\综合报告.html","25692","2026-07-13 15:07:26.000","3347F4EF782960A3C977A4C3B3D9C2AF"
"Quantum Analyzer(13)\ReportC\DuiBi.html","20768","2026-04-07 13:54:38.000","535BF672FD2B4A48602A37DC48D4FCE6"
"Quantum Analyzer(13)\ReportC\Key.bin","352","2025-07-01 15:15:20.000","AE74FBAAAC9198FC9217AEFBF8F22B05"
"Quantum Analyzer(13)\ReportC\Mark.jpg","308","2021-07-31 09:37:14.000","3C98403E7B077B92E7824424450E9497"
"Quantum Analyzer(13)\ReportC\PageBg.jpg","245143","2023-12-01 14:45:14.000","A04B171BBCA98B2C3E604B20F29C9B4F"
"Quantum Analyzer(13)\ReportC\YCMark1.jpg","607","2018-10-04 14:07:50.000","0C96B69095D0091FFE96D36EC9C56FC8"
"Quantum Analyzer(13)\ReportC\YCMark2.jpg","8744","2018-10-04 14:07:50.000","AFAC8CA16C7131440B5908671F926834"
"Quantum Analyzer(13)\ReportC\YCMark3.jpg","547","2018-10-04 14:07:50.000","BC6C72CF5340743D7B67363E890B62D5"
"Quantum Analyzer(13)\ReportC\YCMark4.jpg","643","2018-10-04 14:07:50.000","1F4AB615105E172FB554161A18E0D959"
"Quantum Analyzer(13)\ReportC\yuan.png","1931","2024-09-27 12:03:38.000","128BF65A361F8075DB9C0D3060574818"
"Quantum Analyzer(13)\ReportPDF\0.html","26482","2026-07-13 15:07:20.000","647797E68E28545C683B0C97B62532D3"
"Quantum Analyzer(13)\ReportPDF\0.pdf","144606","2026-07-13 15:07:22.000","A774102E6D41389FA7CB32C0802759F5"
"Quantum Analyzer(13)\ReportPDF\1.html","23011","2026-07-13 15:07:20.000","71242BFD6196A13BFF9FA06DEABE3BCB"
"Quantum Analyzer(13)\ReportPDF\1.pdf","140637","2026-07-13 15:07:22.000","7D79AB312BE9F973CFA1E2995151FFDE"
"Quantum Analyzer(13)\ReportPDF\1.png","570","2025-06-18 18:41:40.000","9B4E1910B1FB1606378C343C11369258"
"Quantum Analyzer(13)\ReportPDF\10.html","10667","2026-07-13 15:07:22.000","30C86664F13584174A724B6288B24CEC"
"Quantum Analyzer(13)\ReportPDF\10.pdf","85301","2026-07-13 15:07:22.000","5DFA47A871596B963D5C19AC7855FE0F"
"Quantum Analyzer(13)\ReportPDF\10.png","359","2022-12-14 19:09:38.000","B232D8F80E74D8AE4F5BA30C262EA4CD"
"Quantum Analyzer(13)\ReportPDF\11.html","10931","2026-07-13 15:07:22.000","2385CF28C349D1261CBC9680AFEA599F"
"Quantum Analyzer(13)\ReportPDF\11.pdf","96312","2026-07-13 15:07:22.000","DCA8863669433A8DF439A32E1D057B89"
"Quantum Analyzer(13)\ReportPDF\11.png","484","2022-04-25 14:18:20.000","7A52885831124FDA65CABA39F51C2A9A"
"Quantum Analyzer(13)\ReportPDF\12.html","9787","2026-07-13 15:07:22.000","64751FF5E322CA35D37ACB9C87788944"
"Quantum Analyzer(13)\ReportPDF\12.pdf","66819","2026-07-13 15:07:22.000","AE47DFA915DAE5FFEBB55CD421C76F55"
"Quantum Analyzer(13)\ReportPDF\13.html","12163","2026-07-13 15:07:22.000","81597BDF7280617F8106379A6D2413DF"
"Quantum Analyzer(13)\ReportPDF\13.pdf","124275","2026-07-13 15:07:22.000","CF57D79A40494D62D41FE8B0FC1CD330"
"Quantum Analyzer(13)\ReportPDF\14.html","28333","2026-07-13 15:07:22.000","5816EFD5B325030EB85A9F826BDC382A"
"Quantum Analyzer(13)\ReportPDF\14.pdf","190447","2026-07-13 15:07:22.000","5EA4BA0B09F03951E70D36F26FDCA3DD"
"Quantum Analyzer(13)\ReportPDF\15.html","10597","2026-07-13 15:07:22.000","7820F4490096C5808DE1400BCE349DC6"
"Quantum Analyzer(13)\ReportPDF\15.pdf","92302","2026-07-13 15:07:22.000","483545A06519163D63B40254B11084F2"
"Quantum Analyzer(13)\ReportPDF\16.html","9915","2026-07-13 15:07:22.000","4B6D49166E455BE293BBEA6048D37370"
"Quantum Analyzer(13)\ReportPDF\16.pdf","88090","2026-07-13 15:07:22.000","1436350622FCEB9154EB39DDBF761290"
"Quantum Analyzer(13)\ReportPDF\17.html","17494","2026-07-13 15:07:22.000","A8648B0098AAC822251764C482A84124"
"Quantum Analyzer(13)\ReportPDF\17.pdf","146095","2026-07-13 15:07:24.000","047F2DCE4918F5B4309CABD0739F93A1"
"Quantum Analyzer(13)\ReportPDF\18.html","13883","2026-07-13 15:07:22.000","6F537994AC3CE844B5D2BFDB91E41952"
"Quantum Analyzer(13)\ReportPDF\18.pdf","105170","2026-07-13 15:07:24.000","8AC7C8A56F748971E71C4BC21C912BFA"
"Quantum Analyzer(13)\ReportPDF\19.html","14228","2026-07-13 15:07:22.000","897F2602DA014259B158B248D279CD0D"
"Quantum Analyzer(13)\ReportPDF\19.pdf","100145","2026-07-13 15:07:24.000","DA11458AE28A97DDB34EBC1E8E26C8F7"
"Quantum Analyzer(13)\ReportPDF\2.html","22177","2026-07-13 15:07:20.000","C320E9F37C2D07FD53603713C5EC097B"
"Quantum Analyzer(13)\ReportPDF\2.pdf","134538","2026-07-13 15:07:22.000","87C968EE3B58C4A44A64B2478B7122E4"
"Quantum Analyzer(13)\ReportPDF\2.png","494","2022-04-25 14:19:06.000","C32214FA7FD9340CC765F0EBC15ACB56"
"Quantum Analyzer(13)\ReportPDF\20.html","13663","2026-07-13 15:07:22.000","E3E27026BC0896410D7A215F13EE744A"
"Quantum Analyzer(13)\ReportPDF\20.pdf","96641","2026-07-13 15:07:24.000","E9D14DEF6BF50D6E39F6E5146A1E320C"
"Quantum Analyzer(13)\ReportPDF\21.html","16261","2026-07-13 15:07:22.000","F2A9233BB54DA9B9003042A6D601D3BE"
"Quantum Analyzer(13)\ReportPDF\21.pdf","127213","2026-07-13 15:07:24.000","B6D4A788D61B9711951FB00F721862C8"
"Quantum Analyzer(13)\ReportPDF\22.html","10079","2026-07-13 15:07:22.000","836640EDA8F3059AAE50FCCD99E05B8E"
"Quantum Analyzer(13)\ReportPDF\22.pdf","81991","2026-07-13 15:07:24.000","3EA3CB8BE9EBC52B7B084DF164ADABD1"
"Quantum Analyzer(13)\ReportPDF\23.html","12076","2026-07-13 15:07:22.000","2DFB2C6C50E04A22844AAAD44D21800F"
"Quantum Analyzer(13)\ReportPDF\23.pdf","89223","2026-07-13 15:07:24.000","302550C4A5392F37095BD8376624879B"
"Quantum Analyzer(13)\ReportPDF\24.html","11532","2026-07-13 15:07:24.000","2D0C91B888FC8B39E241FB36E4419E37"
"Quantum Analyzer(13)\ReportPDF\24.pdf","88446","2026-07-13 15:07:24.000","294AA0B25FFD4CEBB4CAD7BF7995B29B"
"Quantum Analyzer(13)\ReportPDF\25.html","17955","2026-07-13 15:07:24.000","332742FF85AF5A62F1845DF405EDEBB0"
"Quantum Analyzer(13)\ReportPDF\25.pdf","108329","2026-07-13 15:07:24.000","13F06E855CAAB855FE5E866D3EF1E1A4"
"Quantum Analyzer(13)\ReportPDF\26.html","10575","2026-07-13 15:07:24.000","21070C7E215E4B9F1E2FBC4F849A5E9D"
"Quantum Analyzer(13)\ReportPDF\26.pdf","78298","2026-07-13 15:07:24.000","90FFA707B6DE5DA3316A9C84A7E95BD4"
"Quantum Analyzer(13)\ReportPDF\27.html","21957","2026-07-13 15:07:24.000","D24A0E0412BABFDD0C7FA7CD6F5BC943"
"Quantum Analyzer(13)\ReportPDF\27.pdf","120551","2026-07-13 15:07:24.000","6D23A27125C8C8DAC5EFD506DE241B22"
"Quantum Analyzer(13)\ReportPDF\28.html","10873","2026-07-13 15:07:24.000","0620A0011D6E8129813F89D5EBE19957"
"Quantum Analyzer(13)\ReportPDF\28.pdf","84425","2026-07-13 15:07:24.000","036BC9FF5B4F06C09F06368609CEBE63"
"Quantum Analyzer(13)\ReportPDF\29.html","17358","2026-07-13 15:07:24.000","3B8D730C81FB0493069A5747D06E66C1"
"Quantum Analyzer(13)\ReportPDF\29.pdf","118705","2026-07-13 15:07:24.000","CCEBB31B90262A17295B6D39A5DAF572"
"Quantum Analyzer(13)\ReportPDF\3.html","9456","2026-07-13 15:07:20.000","74D5D528AE11023481B8B52078120E81"
"Quantum Analyzer(13)\ReportPDF\3.pdf","54688","2026-07-13 15:07:22.000","C2F70746CF2F7196061F547C03F5D9B9"
"Quantum Analyzer(13)\ReportPDF\3.png","497","2022-04-25 14:19:16.000","77C835E89F7364D1B334106A70BD5A21"
"Quantum Analyzer(13)\ReportPDF\30.html","13180","2026-07-13 15:07:24.000","1C7C2827DE8D9C326F9B49FA5E9E77FD"
"Quantum Analyzer(13)\ReportPDF\30.pdf","98284","2026-07-13 15:07:24.000","8C166C1398624E571C3D15D016A8827B"
"Quantum Analyzer(13)\ReportPDF\31.html","9493","2026-07-13 15:07:24.000","8A893F591DD560FE197B2D49AA01607A"
"Quantum Analyzer(13)\ReportPDF\31.pdf","75282","2026-07-13 15:07:24.000","2BC8CD5DD2B7453D928175CAE0B0C49D"
"Quantum Analyzer(13)\ReportPDF\32.html","8962","2026-07-13 15:07:24.000","02BF8A035387080DFDC6AAFAEB787172"
"Quantum Analyzer(13)\ReportPDF\32.pdf","65072","2026-07-13 15:07:24.000","C2F7DB8951F5970696B4F92ABD284F57"
"Quantum Analyzer(13)\ReportPDF\33.html","11380","2026-07-13 15:07:24.000","085CEC3AAA036E537FF4250F051726BB"
"Quantum Analyzer(13)\ReportPDF\33.pdf","88174","2026-07-13 15:07:24.000","BB005D70D388B0D750CDF8A882A0E7EB"
"Quantum Analyzer(13)\ReportPDF\34.html","8535","2026-07-13 15:07:24.000","03871400B2EB58B0FFB1EDC823BDEC80"
"Quantum Analyzer(13)\ReportPDF\34.pdf","53399","2026-07-13 15:07:24.000","E44BA1CF29AAD9C6F17375171365BF8D"
"Quantum Analyzer(13)\ReportPDF\35.html","9839","2026-07-13 15:07:24.000","3606284B67BE9BE85E4CAF121ACEAA88"
"Quantum Analyzer(13)\ReportPDF\35.pdf","75911","2026-07-13 15:07:24.000","C1D56347C7F13E75CE41580D83021D53"
"Quantum Analyzer(13)\ReportPDF\36.html","12755","2026-07-13 15:07:24.000","0D9B1DAB6CCD86D9B3F6F9415A2ECC3A"
"Quantum Analyzer(13)\ReportPDF\36.pdf","75624","2026-07-13 15:07:26.000","BFD78B89373A079B55046AA569D8ABCB"
"Quantum Analyzer(13)\ReportPDF\37.html","11461","2026-07-13 15:07:24.000","83582033E0AF6BE617E24E7841D64FC6"
"Quantum Analyzer(13)\ReportPDF\37.pdf","69030","2026-07-13 15:07:26.000","46DFAC1E609147838588E063A24B2B80"
"Quantum Analyzer(13)\ReportPDF\38.html","7397","2026-07-13 15:07:24.000","C8B3195E01FCCC2BDD535E234297A2AC"
"Quantum Analyzer(13)\ReportPDF\38.pdf","52106","2026-07-13 15:07:26.000","0860F5C06B34A74C1DDBB78AF465FF4B"
"Quantum Analyzer(13)\ReportPDF\39.html","10929","2026-07-13 15:07:24.000","CEBE8BF6F511548FCB76BE5162D529C1"
"Quantum Analyzer(13)\ReportPDF\39.pdf","83675","2026-07-13 15:07:26.000","50C62FCEE91D76394CEE6AEDAC0A5052"
"Quantum Analyzer(13)\ReportPDF\4.html","7658","2026-07-13 15:07:20.000","648306885021C0F084A51F03D1FF5DD3"
"Quantum Analyzer(13)\ReportPDF\4.pdf","63361","2026-07-13 15:07:22.000","A4268154E31B1BBB4A9D7120F5E98FF8"
"Quantum Analyzer(13)\ReportPDF\4.png","568","2023-12-01 14:45:14.000","5739FC4A09268D2C6FBB16F52CC2194A"
"Quantum Analyzer(13)\ReportPDF\40.html","8417","2026-07-13 15:07:24.000","DCC96BD85E9609D6A6AAC13B59C326A8"
"Quantum Analyzer(13)\ReportPDF\40.pdf","68264","2026-07-13 15:07:26.000","A58BD5BD4227DF96CA3E18DE0D18768E"
"Quantum Analyzer(13)\ReportPDF\41.html","10130","2026-07-13 15:07:24.000","74CE332584ADF8CB178E48C0B8A249FE"
"Quantum Analyzer(13)\ReportPDF\41.pdf","91504","2026-07-13 15:07:26.000","B248829F0E4BA02F4A3FBA4300B932F9"
"Quantum Analyzer(13)\ReportPDF\42.html","15926","2026-07-13 15:07:26.000","926503DCF195BFA0DFD85FC4C39BC387"
"Quantum Analyzer(13)\ReportPDF\42.pdf","92263","2026-07-13 15:07:26.000","D19C97E773CD8AA757C86943460D1E5B"
"Quantum Analyzer(13)\ReportPDF\43.html","25712","2026-07-13 15:07:26.000","248EABC86CC30A3B230B0CE4ADD63BF5"
"Quantum Analyzer(13)\ReportPDF\43.pdf","91517","2026-07-13 15:07:26.000","B0B3641C17D912E8078008C4A2D19911"
"Quantum Analyzer(13)\ReportPDF\44.html","18920","2026-07-13 15:07:26.000","818B832A2C8E8178B83A6B9A18B608ED"
"Quantum Analyzer(13)\ReportPDF\44.pdf","72432","2026-07-13 15:07:26.000","F5D6629425E0361D2C39A1ABFED0F677"
"Quantum Analyzer(13)\ReportPDF\45.html","22732","2026-07-13 15:07:26.000","C3AD4DEB9BAC490B318A92951273C176"
"Quantum Analyzer(13)\ReportPDF\45.pdf","127994","2026-07-13 15:07:26.000","DE4A3DDACA1A1E2876E334D8B7B00693"
"Quantum Analyzer(13)\ReportPDF\46.html","25692","2026-07-13 15:07:26.000","3347F4EF782960A3C977A4C3B3D9C2AF"
"Quantum Analyzer(13)\ReportPDF\46.pdf","131534","2026-07-13 15:07:26.000","0EF93323CB6E4377D44947E1420774BF"
"Quantum Analyzer(13)\ReportPDF\5.html","21598","2026-07-13 15:07:20.000","467A99C7FC0536C91EC17F2783A4B2F8"
"Quantum Analyzer(13)\ReportPDF\5.pdf","137454","2026-07-13 15:07:22.000","88E68615C27B67E7EDDBDB10544CB3C6"
"Quantum Analyzer(13)\ReportPDF\5.png","497","2022-04-25 14:19:34.000","1C5D9CB968D07E073774E6D78489953F"
"Quantum Analyzer(13)\ReportPDF\6.html","8999","2026-07-13 15:07:20.000","3B99F9E9731C60F4BE943E76FDB9D043"
"Quantum Analyzer(13)\ReportPDF\6.pdf","59188","2026-07-13 15:07:22.000","DECAD669D995D3F16550BD545CBE6394"
"Quantum Analyzer(13)\ReportPDF\6.png","511","2022-04-25 14:19:44.000","04BC16D3528AE3472F3373732601E491"
"Quantum Analyzer(13)\ReportPDF\7.html","13926","2026-07-13 15:07:22.000","E0815D4E85E9BE9AEB53431B46B4252A"
"Quantum Analyzer(13)\ReportPDF\7.pdf","142931","2026-07-13 15:07:22.000","765E40A64EF3B8E2857A1400E3CDA7A4"
"Quantum Analyzer(13)\ReportPDF\7.png","464","2022-04-25 14:19:54.000","3B7DD7F6AC0FF912886F35221C225B9F"
"Quantum Analyzer(13)\ReportPDF\8.html","8292","2026-07-13 15:07:22.000","28D3F64E07A5333A9411FB720539CAA3"
"Quantum Analyzer(13)\ReportPDF\8.pdf","57660","2026-07-13 15:07:22.000","02C2C626945C7DFAAFCBF70DD3F6DC86"
"Quantum Analyzer(13)\ReportPDF\8.png","382","2022-12-14 19:09:12.000","C68893BB66D6092BB4DB36FB368B2113"
"Quantum Analyzer(13)\ReportPDF\9.html","12997","2026-07-13 15:07:22.000","03B01CFC194B356C9E801B722B19E8C0"
"Quantum Analyzer(13)\ReportPDF\9.pdf","116517","2026-07-13 15:07:22.000","21FE0E1F4450A399E4752F9DFB75F476"
"Quantum Analyzer(13)\ReportPDF\9.png","358","2022-12-14 19:09:24.000","44F28F0F1AE60D0CD7AAC085B7FA0F7B"
"Quantum Analyzer(13)\ReportPDF\Mark.jpg","308","2021-07-31 09:37:14.000","3C98403E7B077B92E7824424450E9497"
"Quantum Analyzer(13)\ReportPDF\YCMark1.jpg","607","2018-10-04 14:07:50.000","0C96B69095D0091FFE96D36EC9C56FC8"
"Quantum Analyzer(13)\ReportPDF\YCMark2.jpg","8744","2018-10-04 14:07:50.000","AFAC8CA16C7131440B5908671F926834"
"Quantum Analyzer(13)\ReportPDF\YCMark3.jpg","547","2018-10-04 14:07:50.000","BC6C72CF5340743D7B67363E890B62D5"
"Quantum Analyzer(13)\ReportPDF\YCMark4.jpg","643","2018-10-04 14:07:50.000","1F4AB615105E172FB554161A18E0D959"
"Quantum Analyzer(13)\ReportTemp\1.心脑血管评估报告.pdf","144544","2026-06-22 18:09:54.000","8A05ADCDE60C8CCF71C12D0138F7B3C5"
"Quantum Analyzer(13)\ReportTemp\10.骨密度评估报告.pdf","116470","2026-06-22 18:09:58.000","E48A1B438DCE6D5AF02FA8CDA05C55BE"
"Quantum Analyzer(13)\ReportTemp\11.风湿骨病评估报告.pdf","85314","2026-06-22 18:09:58.000","6929A1E9B371FC4261616878BDA010B4"
"Quantum Analyzer(13)\ReportTemp\12.骨生长指数评估报告.pdf","82004","2026-06-22 18:10:02.000","4637752B064FB258E1F22B46176D3628"
"Quantum Analyzer(13)\ReportTemp\13.血糖评估报告.pdf","96087","2026-06-22 18:09:58.000","BEFD64EC23A86594290BF5582A57F0A1"
"Quantum Analyzer(13)\ReportTemp\14.微量元素评估报告.pdf","190523","2026-06-22 18:10:00.000","1A4C59145F67423557CF4D0B076535B4"
"Quantum Analyzer(13)\ReportTemp\15.维生素评估报告.pdf","96612","2026-06-22 18:10:02.000","2B863F43628A08C974F5BBEB08FFB2AF"
"Quantum Analyzer(13)\ReportTemp\16.氨基酸评估报告.pdf","127170","2026-06-22 18:10:02.000","E676DFF317A8211B348BC481F69DA4F7"
"Quantum Analyzer(13)\ReportTemp\17.辅酶评估报告.pdf","78241","2026-06-22 18:10:04.000","13F1A0F22F94DF28B3DCF2FEE7B619A6"
"Quantum Analyzer(13)\ReportTemp\18.内分泌系统评估报告.pdf","105166","2026-06-22 18:10:02.000","FD24A50F71C8E3ABF16247CC20BD08E4"
"Quantum Analyzer(13)\ReportTemp\19.免疫系统评估报告.pdf","99911","2026-06-22 18:10:02.000","049EBD8548290B7FE507D6015FA0BF06"
"Quantum Analyzer(13)\ReportTemp\2.胃肠功能评估报告.pdf","140818","2026-06-22 18:09:54.000","3C64ABBD29F8F9EF95A1A3C936DEF13E"
"Quantum Analyzer(13)\ReportTemp\20.人体毒素评估报告.pdf","124389","2026-06-22 18:09:58.000","1514B4A1C7D3DA2B55727B184E31F65B"
"Quantum Analyzer(13)\ReportTemp\21.重金属评估报告.pdf","88579","2026-06-22 18:10:04.000","0FF0E2655E97510034A381A73FB511C2"
"Quantum Analyzer(13)\ReportTemp\22.基本体质评估报告.pdf","66826","2026-06-22 18:09:58.000","3DCFE5909EA95B5F89E2E85DF6EF6CB2"
"Quantum Analyzer(13)\ReportTemp\23.过敏评估报告.pdf","108497","2026-06-22 18:10:04.000","FBD0E28273AF910738977E62E4623428"
"Quantum Analyzer(13)\ReportTemp\24.皮肤评估报告.pdf","146216","2026-06-22 18:10:02.000","EF3BC995658A4F970ADC66A5EB5FD15F"
"Quantum Analyzer(13)\ReportTemp\25.眼部评估报告.pdf","89152","2026-06-22 18:10:04.000","3E57D1CA5F7ECB777C48D457BD480025"
"Quantum Analyzer(13)\ReportTemp\26.前列腺评估报告.pdf","92245","2026-06-22 18:10:00.000","16C71112535EDA7E1F975417D549F3AF"
"Quantum Analyzer(13)\ReportTemp\27.男性性功能评估报告.pdf","87903","2026-06-22 18:10:00.000","D8E807EBD8D3A43460C068DCAA66FE3D"
"Quantum Analyzer(13)\ReportTemp\28.经络评估报告.pdf","120609","2026-06-22 18:10:06.000","6CF78BA312DEAD9A98FF3895E153B34E"
"Quantum Analyzer(13)\ReportTemp\29.肥胖症评估报告.pdf","84522","2026-06-22 18:10:06.000","AFA75AADEB9A2B43E2FC4D0901C6D697"
"Quantum Analyzer(13)\ReportTemp\3.肝功能评估报告.pdf","134604","2026-06-22 18:09:56.000","5E20965DEEA6ED805B934B4A0F159832"
"Quantum Analyzer(13)\ReportTemp\30.胶原蛋白评估报告.pdf","118763","2026-06-22 18:10:06.000","60BEA56E5E7792B2BD61786E2DC4A66E"
"Quantum Analyzer(13)\ReportTemp\31.脉搏与脑血管评估报告.pdf","98301","2026-06-22 18:10:06.000","F54E3223D8B905F151AD033404DD2083"
"Quantum Analyzer(13)\ReportTemp\32.人体成份评估报告.pdf","91508","2026-06-22 18:10:10.000","3556567839E65BFD6DB5A8DD37168FC3"
"Quantum Analyzer(13)\ReportTemp\33.大肠评估评估报告.pdf","75316","2026-06-22 18:10:06.000","F8D4B8DF4C9F7F2F5F7D25B591FD2F94"
"Quantum Analyzer(13)\ReportTemp\34.甲状腺评估报告.pdf","64837","2026-06-22 18:10:06.000","25DF0D8A79DC18A5F731654DE5FB4CF4"
"Quantum Analyzer(13)\ReportTemp\35.血脂评估报告.pdf","88006","2026-06-22 18:10:08.000","8B7BAF1346DCE55D13005DF93A32CF3F"
"Quantum Analyzer(13)\ReportTemp\36.精子和精液评估报告.pdf","53496","2026-06-22 18:10:08.000","EB808433C2591B9DF7B30C56D5F38575"
"Quantum Analyzer(13)\ReportTemp\37.人体综合免疫力评估报告.pdf","75933","2026-06-22 18:10:08.000","82667174DFF93EBEE003494E0C8C79FD"
"Quantum Analyzer(13)\ReportTemp\38.脂肪酸评估报告.pdf","75653","2026-06-22 18:10:08.000","F51CAE531D396C3DD92B52DAC6A988E9"
"Quantum Analyzer(13)\ReportTemp\39.人体意识形态评估报告.pdf","69008","2026-06-22 18:10:08.000","112612BE2653A38FB68737640B5AF28A"
"Quantum Analyzer(13)\ReportTemp\4.胆功能评估报告.pdf","54675","2026-06-22 18:09:54.000","7E4F4CC3108B1E9426430F438F6A5923"
"Quantum Analyzer(13)\ReportTemp\40.基本脂肪酸评估报告.pdf","52099","2026-06-22 18:10:08.000","0A822AE78D65E697BB4A4C067B2862B8"
"Quantum Analyzer(13)\ReportTemp\41.呼吸功能评估报告.pdf","83592","2026-06-22 18:10:10.000","B65B302EEB64468E794D87202D9701E9"
"Quantum Analyzer(13)\ReportTemp\42.荷尔蒙评估报告.pdf","68231","2026-06-22 18:10:10.000","59FA0B2FCFAD9004AFC4BBC5743006E2"
"Quantum Analyzer(13)\ReportTemp\43.体液评估报告.pdf","91443","2026-06-22 18:10:10.000","82673F1C734B45BBB5695C7F25E2F587"
"Quantum Analyzer(13)\ReportTemp\44.肠道菌群评估报告.pdf","92210","2026-06-22 18:10:10.000","A39ADF7060D95C4C77F2CC2B03F354C6"
"Quantum Analyzer(13)\ReportTemp\45.专家分析报告.pdf","114468","2026-06-22 18:10:10.000","89B9854333E79A774A97B920652EDCB4"
"Quantum Analyzer(13)\ReportTemp\46.手工分析报告.pdf","64798","2026-06-22 18:10:10.000","752059F6DB5AE394496351FA4DCE27CF"
"Quantum Analyzer(13)\ReportTemp\5.胰腺功能评估报告.pdf","63403","2026-06-22 18:09:54.000","4476D0DC8AF5E9BB4DF1E9745DDA04A7"
"Quantum Analyzer(13)\ReportTemp\6.肾脏功能评估报告.pdf","137095","2026-06-22 18:09:56.000","E5AD213A4A5E68D9D357CE016CE7A6A5"
"Quantum Analyzer(13)\ReportTemp\7.肺功能评估报告.pdf","59136","2026-06-22 18:09:56.000","A080A46316D4BA927DF5F96A20A0B21A"
"Quantum Analyzer(13)\ReportTemp\8.脑神经评估报告.pdf","142892","2026-06-22 18:09:56.000","557DBA4E66B857A3D89A2B9701731589"
"Quantum Analyzer(13)\ReportTemp\9.骨病评估报告.pdf","57608","2026-06-22 18:09:58.000","0306298E658723098A80BE93203FF6AC"
"Quantum Analyzer(13)\ReportTemp\综合报告.pdf","117556","2026-06-22 18:10:10.000","0446BFDAB27871099DBD304E1886AA91"
"ReportC\1.png","570","2025-09-16 18:22:42.000","9D5387AA21E6D4837CA439B2B6910697"
"ReportC\10.png","359","2022-12-14 19:09:38.000","B232D8F80E74D8AE4F5BA30C262EA4CD"
"ReportC\11.png","484","2022-04-25 14:18:20.000","7A52885831124FDA65CABA39F51C2A9A"
"ReportC\2.png","494","2022-04-25 14:19:06.000","C32214FA7FD9340CC765F0EBC15ACB56"
"ReportC\3.png","497","2022-04-25 14:19:16.000","77C835E89F7364D1B334106A70BD5A21"
"ReportC\4.png","568","2023-12-01 14:45:14.000","5739FC4A09268D2C6FBB16F52CC2194A"
"ReportC\5.png","497","2022-04-25 14:19:34.000","1C5D9CB968D07E073774E6D78489953F"
"ReportC\6.png","511","2022-04-25 14:19:44.000","04BC16D3528AE3472F3373732601E491"
"ReportC\7.png","464","2022-04-25 14:19:54.000","3B7DD7F6AC0FF912886F35221C225B9F"
"ReportC\8.png","382","2022-12-14 19:09:12.000","C68893BB66D6092BB4DB36FB368B2113"
"ReportC\9.png","358","2022-12-14 19:09:24.000","44F28F0F1AE60D0CD7AAC085B7FA0F7B"
"ReportC\氨基酸评估报告.html","16265","2026-08-25 02:31:53.285","0A8E0CCB1A30D8109DA9795E7D18BC92"
"ReportC\肠道菌群评估报告.html","15919","2026-08-25 02:31:55.077","E25E8D89D383AECA0E410BE7F34BEE06"
"ReportC\大肠评估评估报告.html","9508","2026-08-25 02:31:54.155","289A3E61025698F5CDE9A706457CDFE2"
"ReportC\胆功能评估报告.html","9451","2026-08-25 02:31:51.762","0DF21CFDC83CD7E18498A77722095B71"
"ReportC\肥胖症评估报告.html","10899","2026-08-25 02:31:53.903","C418AE83A48F34B8EBAE0C5DEB397D36"
"ReportC\肺功能评估报告.html","9017","2026-08-25 02:31:52.001","B54D2A83CD2DE282AE3C1DF5B0F89847"
"ReportC\风湿骨病评估报告.html","10669","2026-08-25 02:31:52.330","54F006AFD956A4CCC61A3A7F59DE485F"
"ReportC\辅酶评估报告.html","10550","2026-08-25 02:31:53.712","DE6C3999B2028527FCE1331274159D06"
"ReportC\妇科评估报告.html","16417","2026-04-09 16:22:37.888","1389FDEB9F25A61E7098BFFC2C79675D"
"ReportC\肝功能评估报告.html","22196","2026-08-25 02:31:51.683","CE555E0C813139AED99D4A15C124279C"
"ReportC\骨病评估报告.html","8287","2026-08-25 02:31:52.168","C6321A86D27B8F618D6040DB1759F962"
"ReportC\骨密度评估报告.html","12986","2026-08-25 02:31:52.250","C7A3C8F1E6B9024881D1FEEDAC1C128B"
"ReportC\骨生长指数评估报告.html","10059","2026-08-25 02:31:53.367","463C3DC6A7814E7ABBD325EB973C6949"
"ReportC\过敏评估报告.html","17916","2026-08-25 02:31:53.632","3E8D785DB32EB4AE9FCD2F9AA56226E6"
"ReportC\荷尔蒙评估报告.html","8409","2026-08-25 02:31:54.908","6E7BB6F6FD78A47C52B9592B261FF408"
"ReportC\呼吸功能评估报告.html","10931","2026-08-25 02:31:54.827","588E5E714BC410DD3C7C932001D1F25A"
"ReportC\基本体质评估报告.html","9785","2026-08-25 02:31:52.491","0F4FDC4200A36ED760CDE273AD91ECDB"
"ReportC\基本脂肪酸评估报告.html","7384","2026-08-25 02:31:54.748","01B9E35D757A7459F6A33312DA27534E"
"ReportC\甲状腺评估报告.html","8974","2026-08-25 02:31:54.236","2B73930B38E46B3506FBC37DFC520F37"
"ReportC\胶原蛋白评估报告.html","17338","2026-08-25 02:31:53.991","34137EA682EFE0926878B8CD3FEB2AA2"
"ReportC\经络评估报告.html","21957","2026-08-25 02:31:53.824","8C716E92B37AA70303CD6BA8FD99A325"
"ReportC\精子和精液评估报告.html","8524","2026-08-25 02:31:54.423","29C0475A8EAC2AFE7EF282D329B89BCA"
"ReportC\脉搏与脑血管评估报告.html","13173","2026-08-25 02:31:54.075","4580D1D7929E9E9175FEAFE040A9045D"
"ReportC\免疫系统评估报告.html","14236","2026-08-25 02:31:53.094","06A6C0157366326890A55D9558C5922D"
"ReportC\男性性功能评估报告.html","9897","2026-08-25 02:31:52.819","2EF34E02C945B7421AE0DE39B2D553AD"
"ReportC\脑神经评估报告.html","13924","2026-08-25 02:31:52.085","98CA0BE4269F7E5873C4AC534C2090C7"
"ReportC\内分泌系统评估报告.html","13878","2026-08-25 02:31:53.012","BE4A7648215C0980DD8878D2D986E1BF"
"ReportC\皮肤评估报告.html","17499","2026-08-25 02:31:52.932","ED16CAE205B116A4275A25511B878D2E"
"ReportC\前列腺评估报告.html","10580","2026-08-25 02:31:52.741","B2F69C19C04D86F5BE34903E3CE82B05"
"ReportC\人体成份评估报告.html","25722","2026-08-25 02:31:55.143","88028390DEC67415E77956E18C15027F"
"ReportC\人体毒素评估报告.html","12144","2026-08-25 02:31:52.571","115BC37D86C1F29B84B722261A8AFBDD"
"ReportC\人体意识形态评估报告.html","11463","2026-08-25 02:31:54.670","D0C9145F3AFB9C44766AA37C5BB89F67"
"ReportC\人体综合免疫力评估报告.html","9809","2026-08-25 02:31:54.502","CA779951C291CBE41A8FBF116DDAF9D1"
"ReportC\乳腺评估报告.html","10332","2026-04-09 16:22:38.109","D1EE429F5775E5B6ED849A48FDD1C68E"
"ReportC\肾脏功能评估报告.html","21591","2026-08-25 02:31:51.922","029CB17A7BB215FA1DA0E4CF734B1DAC"
"ReportC\手工分析报告.html","14937","2026-08-25 02:31:55.198","C2D8F78D088B19E0AEA654BAD910810F"
"ReportC\体液评估报告.html","10125","2026-08-25 02:31:54.987","82D0AB03520C2403F62F8601B93D6C56"
"ReportC\微量元素评估报告.html","28303","2026-08-25 02:31:52.664","87FE8467F5A16DC6B35EB2AD6487610D"
"ReportC\维生素评估报告.html","13662","2026-08-25 02:31:53.201","16F0FD4988C32F7421D18387ED9358CA"
"ReportC\胃肠功能评估报告.html","23050","2026-08-25 02:31:51.596","169DB8A387D9D8F8B0FBA8A69EEF3FE9"
"ReportC\心脑血管评估报告.html","26488","2026-08-25 02:31:50.784","E9D2A96551F27E25FA98AC1546682D6B"
"ReportC\血糖评估报告.html","10931","2026-08-25 02:31:52.408","099646B4E5A5AFD95CE3418594086E67"
"ReportC\血脂评估报告.html","11369","2026-08-25 02:31:54.317","4E87702DB2AD7A0679E691B5DF73794D"
"ReportC\眼部评估报告.html","12054","2026-08-25 02:31:53.449","F7C4A815A52C9A3358A9392B3A82BDCA"
"ReportC\胰腺功能评估报告.html","7645","2026-08-25 02:31:51.839","75E69E5D44381FA7A7467909F5398219"
"ReportC\月经周期评估报告.html","9683","2026-04-09 16:22:38.981","781074030A1E733974B1A9E5ACBB23AA"
"ReportC\脂肪酸评估报告.html","12734","2026-08-25 02:31:54.585","68D69CC4B2143B93F620E2C4341C143C"
"ReportC\重金属评估报告.html","11517","2026-08-25 02:31:53.538","676A497DAFAB3F01B578C8000EBDF6FD"
"ReportC\专家分析报告.html","17796","2026-08-25 02:31:55.253","6C64449379025C087E427A60917F276C"
"ReportC\综合报告.html","20164","2026-08-25 02:31:55.306","316FC00FDE6606CE854310D4067ED797"
"ReportC\DuiBi.html","33934","2026-08-25 00:02:27.992","34DC12C9BF404CB4F2838060E9C1A058"
"ReportC\Key.bin","352","2025-07-01 15:15:20.000","AE74FBAAAC9198FC9217AEFBF8F22B05"
"ReportC\Mark.jpg","308","2021-07-31 09:37:14.000","3C98403E7B077B92E7824424450E9497"
"ReportC\PageBg.jpg","245143","2023-12-01 14:45:14.000","A04B171BBCA98B2C3E604B20F29C9B4F"
"ReportC\YCMark1.jpg","607","2018-10-04 14:07:50.000","0C96B69095D0091FFE96D36EC9C56FC8"
"ReportC\YCMark2.jpg","8744","2018-10-04 14:07:50.000","AFAC8CA16C7131440B5908671F926834"
"ReportC\YCMark3.jpg","547","2018-10-04 14:07:50.000","BC6C72CF5340743D7B67363E890B62D5"
"ReportC\YCMark4.jpg","643","2018-10-04 14:07:50.000","1F4AB615105E172FB554161A18E0D959"
"ReportC\yuan.png","1931","2024-09-27 12:03:38.000","128BF65A361F8075DB9C0D3060574818"
"ReportPDF\0.html","26488","2026-08-25 02:31:50.784","E9D2A96551F27E25FA98AC1546682D6B"
"ReportPDF\0.pdf","144260","2026-08-25 02:31:52.229","FDCE1A8ECE48E053CD93E1D4C2AA444A"
"ReportPDF\1.html","23050","2026-08-25 02:31:51.596","169DB8A387D9D8F8B0FBA8A69EEF3FE9"
"ReportPDF\1.pdf","140516","2026-08-25 02:31:52.229","ADB9D669CC09E7A924A32FF55A08F570"
"ReportPDF\1.png","570","2025-06-18 18:41:40.000","9B4E1910B1FB1606378C343C11369258"
"ReportPDF\10.html","10669","2026-08-25 02:31:52.330","54F006AFD956A4CCC61A3A7F59DE485F"
"ReportPDF\10.pdf","85014","2026-08-25 02:31:52.792","9888B310FD7747B1C3A9DCEA17BC0625"
"ReportPDF\10.png","359","2022-12-14 19:09:38.000","B232D8F80E74D8AE4F5BA30C262EA4CD"
"ReportPDF\11.html","10931","2026-08-25 02:31:52.408","099646B4E5A5AFD95CE3418594086E67"
"ReportPDF\11.pdf","95913","2026-08-25 02:31:52.887","0E9476DB937C22CE8293A14705A9B5AE"
"ReportPDF\11.png","484","2022-04-25 14:18:20.000","7A52885831124FDA65CABA39F51C2A9A"
"ReportPDF\12.html","9785","2026-08-25 02:31:52.491","0F4FDC4200A36ED760CDE273AD91ECDB"
"ReportPDF\12.pdf","66526","2026-08-25 02:31:52.936","7790B9B013C712555513F83E6CD3F229"
"ReportPDF\13.html","12144","2026-08-25 02:31:52.571","115BC37D86C1F29B84B722261A8AFBDD"
"ReportPDF\13.pdf","124052","2026-08-25 02:31:53.071","8077981AE4E5602BB18560CD8940D22A"
"ReportPDF\14.html","28303","2026-08-25 02:31:52.664","87FE8467F5A16DC6B35EB2AD6487610D"
"ReportPDF\14.pdf","190214","2026-08-25 02:31:53.317","667362FFBC0331C777A22BD28668E220"
"ReportPDF\15.html","10580","2026-08-25 02:31:52.741","B2F69C19C04D86F5BE34903E3CE82B05"
"ReportPDF\15.pdf","91910","2026-08-25 02:31:53.235","7DE4D607718D66EE99FC097FC351192C"
"ReportPDF\16.html","9897","2026-08-25 02:31:52.819","2EF34E02C945B7421AE0DE39B2D553AD"
"ReportPDF\16.pdf","87725","2026-08-25 02:31:53.311","13C30E834539DE3A6C2BF18C0C4380A9"
"ReportPDF\17.html","17499","2026-08-25 02:31:52.932","ED16CAE205B116A4275A25511B878D2E"
"ReportPDF\17.pdf","145877","2026-08-25 02:31:53.470","80301DF09CE8F3F06C717BD3D94C8C52"
"ReportPDF\18.html","13878","2026-08-25 02:31:53.012","BE4A7648215C0980DD8878D2D986E1BF"
"ReportPDF\18.pdf","104848","2026-08-25 02:31:53.517","E7FFDB2B5564BC81A4356D325A87B4DF"
"ReportPDF\19.html","14236","2026-08-25 02:31:53.094","06A6C0157366326890A55D9558C5922D"
"ReportPDF\19.pdf","99835","2026-08-25 02:31:53.579","745C28290A2E7C8F0D7DE4D8FBBFA0F3"
"ReportPDF\2.html","22196","2026-08-25 02:31:51.683","CE555E0C813139AED99D4A15C124279C"
"ReportPDF\2.pdf","134232","2026-08-25 02:31:52.288","AD730CAB4D9769F354888D452E7C2E70"
"ReportPDF\2.png","494","2022-04-25 14:19:06.000","C32214FA7FD9340CC765F0EBC15ACB56"
"ReportPDF\20.html","13662","2026-08-25 02:31:53.201","16F0FD4988C32F7421D18387ED9358CA"
"ReportPDF\20.pdf","96290","2026-08-25 02:31:53.685","851CB9838CA74112800A7092AD874DFC"
"ReportPDF\21.html","16265","2026-08-25 02:31:53.285","0A8E0CCB1A30D8109DA9795E7D18BC92"
"ReportPDF\21.pdf","126866","2026-08-25 02:31:53.807","6919A2875E4338C3D6D36256DAE69DA8"
"ReportPDF\22.html","10059","2026-08-25 02:31:53.367","463C3DC6A7814E7ABBD325EB973C6949"
"ReportPDF\22.pdf","81641","2026-08-25 02:31:53.844","96B4AE22E3434E87578B59A77C1902EA"
"ReportPDF\23.html","12054","2026-08-25 02:31:53.449","F7C4A815A52C9A3358A9392B3A82BDCA"
"ReportPDF\23.pdf","88767","2026-08-25 02:31:53.951","86F40F9F5E9F7B0BF80C6D0EA761242C"
"ReportPDF\24.html","11517","2026-08-25 02:31:53.538","676A497DAFAB3F01B578C8000EBDF6FD"
"ReportPDF\24.pdf","88162","2026-08-25 02:31:54.022","46056F4A6FA25127DEEF9B0AC87B4671"
"ReportPDF\25.html","17916","2026-08-25 02:31:53.632","3E8D785DB32EB4AE9FCD2F9AA56226E6"
"ReportPDF\25.pdf","108084","2026-08-25 02:31:54.145","5A958B6B5B111BA7DD6FA80FCE48D31D"
"ReportPDF\26.html","10550","2026-08-25 02:31:53.712","DE6C3999B2028527FCE1331274159D06"
"ReportPDF\26.pdf","77912","2026-08-25 02:31:54.171","9A9F1B63FABDAA397E970B4F51F9E537"
"ReportPDF\27.html","21957","2026-08-25 02:31:53.824","8C716E92B37AA70303CD6BA8FD99A325"
"ReportPDF\27.pdf","120211","2026-08-25 02:31:54.358","5D4BFA7F29CE38F75800ADEF5D6FC709"
"ReportPDF\28.html","10899","2026-08-25 02:31:53.903","C418AE83A48F34B8EBAE0C5DEB397D36"
"ReportPDF\28.pdf","84160","2026-08-25 02:31:54.379","56DE845251E6BDF6E07802F08B96B2BA"
"ReportPDF\29.html","17338","2026-08-25 02:31:53.991","34137EA682EFE0926878B8CD3FEB2AA2"
"ReportPDF\29.pdf","118420","2026-08-25 02:31:54.491","0324459CF9FFA3C0E3BD6515A211B452"
"ReportPDF\3.html","9451","2026-08-25 02:31:51.762","0DF21CFDC83CD7E18498A77722095B71"
"ReportPDF\3.pdf","54357","2026-08-25 02:31:52.232","79E8FB023F499A10D070C05DF2515BF8"
"ReportPDF\3.png","497","2022-04-25 14:19:16.000","77C835E89F7364D1B334106A70BD5A21"
"ReportPDF\30.html","13173","2026-08-25 02:31:54.075","4580D1D7929E9E9175FEAFE040A9045D"
"ReportPDF\30.pdf","98034","2026-08-25 02:31:54.547","8C77272581679E39289A1D19238C82E0"
"ReportPDF\31.html","9508","2026-08-25 02:31:54.155","289A3E61025698F5CDE9A706457CDFE2"
"ReportPDF\31.pdf","74962","2026-08-25 02:31:54.609","567CD7C3F09DDF842B06DECB24765EFC"
"ReportPDF\32.html","8974","2026-08-25 02:31:54.236","2B73930B38E46B3506FBC37DFC520F37"
"ReportPDF\32.pdf","64788","2026-08-25 02:31:54.676","5D6C9DE09115BB4E7B2A50B2B95BF608"
"ReportPDF\33.html","11369","2026-08-25 02:31:54.317","4E87702DB2AD7A0679E691B5DF73794D"
"ReportPDF\33.pdf","87786","2026-08-25 02:31:54.781","3826515FCB26118265C52A69DC4DFDE2"
"ReportPDF\34.html","8524","2026-08-25 02:31:54.423","29C0475A8EAC2AFE7EF282D329B89BCA"
"ReportPDF\34.pdf","53191","2026-08-25 02:31:54.858","9D84CD0F1D1CA7F2B89B2F2DBC233EAB"
"ReportPDF\35.html","9809","2026-08-25 02:31:54.502","CA779951C291CBE41A8FBF116DDAF9D1"
"ReportPDF\35.pdf","75585","2026-08-25 02:31:54.954","39EFD4980C7A4AD1CD20B4CAA772E4C9"
"ReportPDF\36.html","12734","2026-08-25 02:31:54.585","68D69CC4B2143B93F620E2C4341C143C"
"ReportPDF\36.pdf","75275","2026-08-25 02:31:55.062","DF2BA8FC1DD96752982E2BF9D386F672"
"ReportPDF\37.html","11463","2026-08-25 02:31:54.670","D0C9145F3AFB9C44766AA37C5BB89F67"
"ReportPDF\37.pdf","68682","2026-08-25 02:31:55.116","5325A7DB36C504D54602FC4313160DD8"
"ReportPDF\38.html","7384","2026-08-25 02:31:54.748","01B9E35D757A7459F6A33312DA27534E"
"ReportPDF\38.pdf","51780","2026-08-25 02:31:55.175","86FDA1EFF56ECD4952706C308A2AB65E"
"ReportPDF\39.html","10931","2026-08-25 02:31:54.827","588E5E714BC410DD3C7C932001D1F25A"
"ReportPDF\39.pdf","83323","2026-08-25 02:31:55.299","FFE9A80F02F989411657773568A6D9B5"
"ReportPDF\4.html","7645","2026-08-25 02:31:51.839","75E69E5D44381FA7A7467909F5398219"
"ReportPDF\4.pdf","63135","2026-08-25 02:31:52.298","CD23F31E77B8FFAD7D45A2B899ED669B"
"ReportPDF\4.png","568","2023-12-01 14:45:14.000","5739FC4A09268D2C6FBB16F52CC2194A"
"ReportPDF\40.html","8409","2026-08-25 02:31:54.908","6E7BB6F6FD78A47C52B9592B261FF408"
"ReportPDF\40.pdf","67880","2026-08-25 02:31:55.351","4D9C8794401979742BA0972964EE8CDC"
"ReportPDF\41.html","10125","2026-08-25 02:31:54.987","82D0AB03520C2403F62F8601B93D6C56"
"ReportPDF\41.pdf","91158","2026-08-25 02:31:55.482","36FD568C7077DEB4C46E547A28E40614"
"ReportPDF\42.html","15919","2026-08-25 02:31:55.077","E25E8D89D383AECA0E410BE7F34BEE06"
"ReportPDF\42.pdf","91909","2026-08-25 02:31:55.547","4BF286A45BE16756947CB597C7D157A5"
"ReportPDF\43.html","25722","2026-08-25 02:31:55.143","88028390DEC67415E77956E18C15027F"
"ReportPDF\43.pdf","91150","2026-08-25 02:31:55.639","020BDC8E9424298971226A5F1EAC3CFA"
"ReportPDF\44.html","14937","2026-08-25 02:31:55.198","C2D8F78D088B19E0AEA654BAD910810F"
"ReportPDF\44.pdf","59014","2026-08-25 02:31:55.639","E466371635FE878792246C852F556D78"
"ReportPDF\45.html","17796","2026-08-25 02:31:55.253","6C64449379025C087E427A60917F276C"
"ReportPDF\45.pdf","106156","2026-08-25 02:31:55.752","D2379F11235791FF25415F3C47FD0755"
"ReportPDF\46.html","20164","2026-08-25 02:31:55.306","316FC00FDE6606CE854310D4067ED797"
"ReportPDF\46.pdf","108628","2026-08-25 02:31:55.801","B310E6FF6D777BC39CD62F97B94124AE"
"ReportPDF\5.html","21591","2026-08-25 02:31:51.922","029CB17A7BB215FA1DA0E4CF734B1DAC"
"ReportPDF\5.pdf","137062","2026-08-25 02:31:52.482","C72167DC5665CC3A4D3F347B1B8705E2"
"ReportPDF\5.png","497","2022-04-25 14:19:34.000","1C5D9CB968D07E073774E6D78489953F"
"ReportPDF\6.html","9017","2026-08-25 02:31:52.001","B54D2A83CD2DE282AE3C1DF5B0F89847"
"ReportPDF\6.pdf","58859","2026-08-25 02:31:52.457","BDCEB22916B2810F1AB0490E808B18D7"
"ReportPDF\6.png","511","2022-04-25 14:19:44.000","04BC16D3528AE3472F3373732601E491"
"ReportPDF\7.html","13924","2026-08-25 02:31:52.085","98CA0BE4269F7E5873C4AC534C2090C7"
"ReportPDF\7.pdf","142571","2026-08-25 02:31:52.635","97F737DD670857F6523BA594235AD7E1"
"ReportPDF\7.png","464","2022-04-25 14:19:54.000","3B7DD7F6AC0FF912886F35221C225B9F"
"ReportPDF\8.html","8287","2026-08-25 02:31:52.168","C6321A86D27B8F618D6040DB1759F962"
"ReportPDF\8.pdf","57267","2026-08-25 02:31:52.614","BF954D689E5D8DF9A4C18931DA9A48A4"
"ReportPDF\8.png","382","2022-12-14 19:09:12.000","C68893BB66D6092BB4DB36FB368B2113"
"ReportPDF\9.html","12986","2026-08-25 02:31:52.250","C7A3C8F1E6B9024881D1FEEDAC1C128B"
"ReportPDF\9.pdf","116344","2026-08-25 02:31:52.748","9A856EADB01DF7E75E299C3C309C7CB8"
"ReportPDF\9.png","358","2022-12-14 19:09:24.000","44F28F0F1AE60D0CD7AAC085B7FA0F7B"
"ReportPDF\Mark.jpg","308","2021-07-31 09:37:14.000","3C98403E7B077B92E7824424450E9497"
"ReportPDF\YCMark1.jpg","607","2018-10-04 14:07:50.000","0C96B69095D0091FFE96D36EC9C56FC8"
"ReportPDF\YCMark2.jpg","8744","2018-10-04 14:07:50.000","AFAC8CA16C7131440B5908671F926834"
"ReportPDF\YCMark3.jpg","547","2018-10-04 14:07:50.000","BC6C72CF5340743D7B67363E890B62D5"
"ReportPDF\YCMark4.jpg","643","2018-10-04 14:07:50.000","1F4AB615105E172FB554161A18E0D959"
"ReportTemp\1.心脑血管评估报告.pdf","144260","2026-08-25 02:31:52.229","FDCE1A8ECE48E053CD93E1D4C2AA444A"
"ReportTemp\10.骨密度评估报告.pdf","116344","2026-08-25 02:31:52.748","9A856EADB01DF7E75E299C3C309C7CB8"
"ReportTemp\11.风湿骨病评估报告.pdf","85014","2026-08-25 02:31:52.792","9888B310FD7747B1C3A9DCEA17BC0625"
"ReportTemp\12.骨生长指数评估报告.pdf","81641","2026-08-25 02:31:53.844","96B4AE22E3434E87578B59A77C1902EA"
"ReportTemp\13.血糖评估报告.pdf","95913","2026-08-25 02:31:52.887","0E9476DB937C22CE8293A14705A9B5AE"
"ReportTemp\14.微量元素评估报告.pdf","190214","2026-08-25 02:31:53.317","667362FFBC0331C777A22BD28668E220"
"ReportTemp\15.维生素评估报告.pdf","96290","2026-08-25 02:31:53.685","851CB9838CA74112800A7092AD874DFC"
"ReportTemp\16.氨基酸评估报告.pdf","126866","2026-08-25 02:31:53.807","6919A2875E4338C3D6D36256DAE69DA8"
"ReportTemp\17.辅酶评估报告.pdf","77912","2026-08-25 02:31:54.171","9A9F1B63FABDAA397E970B4F51F9E537"
"ReportTemp\18.内分泌系统评估报告.pdf","104848","2026-08-25 02:31:53.517","E7FFDB2B5564BC81A4356D325A87B4DF"
"ReportTemp\19.免疫系统评估报告.pdf","99835","2026-08-25 02:31:53.579","745C28290A2E7C8F0D7DE4D8FBBFA0F3"
"ReportTemp\2.胃肠功能评估报告.pdf","140516","2026-08-25 02:31:52.229","ADB9D669CC09E7A924A32FF55A08F570"
"ReportTemp\20.人体毒素评估报告.pdf","124052","2026-08-25 02:31:53.071","8077981AE4E5602BB18560CD8940D22A"
"ReportTemp\21.重金属评估报告.pdf","88162","2026-08-25 02:31:54.022","46056F4A6FA25127DEEF9B0AC87B4671"
"ReportTemp\22.基本体质评估报告.pdf","66526","2026-08-25 02:31:52.936","7790B9B013C712555513F83E6CD3F229"
"ReportTemp\23.过敏评估报告.pdf","108084","2026-08-25 02:31:54.145","5A958B6B5B111BA7DD6FA80FCE48D31D"
"ReportTemp\24.皮肤评估报告.pdf","145877","2026-08-25 02:31:53.470","80301DF09CE8F3F06C717BD3D94C8C52"
"ReportTemp\25.眼部评估报告.pdf","88767","2026-08-25 02:31:53.951","86F40F9F5E9F7B0BF80C6D0EA761242C"
"ReportTemp\26.前列腺评估报告.pdf","91910","2026-08-25 02:31:53.235","7DE4D607718D66EE99FC097FC351192C"
"ReportTemp\27.男性性功能评估报告.pdf","87725","2026-08-25 02:31:53.311","13C30E834539DE3A6C2BF18C0C4380A9"
"ReportTemp\28.经络评估报告.pdf","120211","2026-08-25 02:31:54.358","5D4BFA7F29CE38F75800ADEF5D6FC709"
"ReportTemp\29.肥胖症评估报告.pdf","84160","2026-08-25 02:31:54.379","56DE845251E6BDF6E07802F08B96B2BA"
"ReportTemp\3.肝功能评估报告.pdf","134232","2026-08-25 02:31:52.288","AD730CAB4D9769F354888D452E7C2E70"
"ReportTemp\30.胶原蛋白评估报告.pdf","118420","2026-08-25 02:31:54.491","0324459CF9FFA3C0E3BD6515A211B452"
"ReportTemp\31.脉搏与脑血管评估报告.pdf","98034","2026-08-25 02:31:54.547","8C77272581679E39289A1D19238C82E0"
"ReportTemp\32.人体成份评估报告.pdf","91150","2026-08-25 02:31:55.639","020BDC8E9424298971226A5F1EAC3CFA"
"ReportTemp\33.大肠评估评估报告.pdf","74962","2026-08-25 02:31:54.609","567CD7C3F09DDF842B06DECB24765EFC"
"ReportTemp\34.甲状腺评估报告.pdf","64788","2026-08-25 02:31:54.676","5D6C9DE09115BB4E7B2A50B2B95BF608"
"ReportTemp\35.血脂评估报告.pdf","87786","2026-08-25 02:31:54.781","3826515FCB26118265C52A69DC4DFDE2"
"ReportTemp\36.精子和精液评估报告.pdf","53191","2026-08-25 02:31:54.858","9D84CD0F1D1CA7F2B89B2F2DBC233EAB"
"ReportTemp\37.人体综合免疫力评估报告.pdf","75585","2026-08-25 02:31:54.954","39EFD4980C7A4AD1CD20B4CAA772E4C9"
"ReportTemp\38.脂肪酸评估报告.pdf","75275","2026-08-25 02:31:55.062","DF2BA8FC1DD96752982E2BF9D386F672"
"ReportTemp\39.人体意识形态评估报告.pdf","68682","2026-08-25 02:31:55.116","5325A7DB36C504D54602FC4313160DD8"
"ReportTemp\4.胆功能评估报告.pdf","54357","2026-08-25 02:31:52.232","79E8FB023F499A10D070C05DF2515BF8"
"ReportTemp\40.基本脂肪酸评估报告.pdf","51780","2026-08-25 02:31:55.175","86FDA1EFF56ECD4952706C308A2AB65E"
"ReportTemp\41.呼吸功能评估报告.pdf","83323","2026-08-25 02:31:55.299","FFE9A80F02F989411657773568A6D9B5"
"ReportTemp\42.荷尔蒙评估报告.pdf","67880","2026-08-25 02:31:55.351","4D9C8794401979742BA0972964EE8CDC"
"ReportTemp\43.体液评估报告.pdf","91158","2026-08-25 02:31:55.482","36FD568C7077DEB4C46E547A28E40614"
"ReportTemp\44.肠道菌群评估报告.pdf","91909","2026-08-25 02:31:55.547","4BF286A45BE16756947CB597C7D157A5"
"ReportTemp\45.专家分析报告.pdf","106156","2026-08-25 02:31:55.752","D2379F11235791FF25415F3C47FD0755"
"ReportTemp\46.手工分析报告.pdf","59014","2026-08-25 02:31:55.639","E466371635FE878792246C852F556D78"
"ReportTemp\5.胰腺功能评估报告.pdf","63135","2026-08-25 02:31:52.298","CD23F31E77B8FFAD7D45A2B899ED669B"
"ReportTemp\6.肾脏功能评估报告.pdf","137062","2026-08-25 02:31:52.482","C72167DC5665CC3A4D3F347B1B8705E2"
"ReportTemp\7.肺功能评估报告.pdf","58859","2026-08-25 02:31:52.457","BDCEB22916B2810F1AB0490E808B18D7"
"ReportTemp\8.脑神经评估报告.pdf","142571","2026-08-25 02:31:52.635","97F737DD670857F6523BA594235AD7E1"
"ReportTemp\9.骨病评估报告.pdf","57267","2026-08-25 02:31:52.614","BF954D689E5D8DF9A4C18931DA9A48A4"
"ReportTemp\综合报告.pdf","108628","2026-08-25 02:31:55.801","B310E6FF6D777BC39CD62F97B94124AE"
